itru7-id	itru7-index
iTru7_101_01	ACGTTACC
iTru7_101_02	CTGTGTTG
iTru7_101_03	TGAGGTGT
iTru7_101_04	GATCCATG
iTru7_101_05	GCCTATCA
iTru7_101_06	AACAACCG
iTru7_101_07	ACTCGTTG
iTru7_101_08	CCTATGGT
iTru7_101_09	TGTACACC
iTru7_101_10	GTATGCTG
iTru7_101_11	TGATGTCC
iTru7_101_12	GTCCTTCT
iTru7_102_01	ATAAGGCG
iTru7_102_02	CTTACCTG
iTru7_102_03	CGTTGCAA
iTru7_102_04	GATTCAGC
iTru7_102_05	TCACGTTC
iTru7_102_06	TGTGCGTT
iTru7_102_07	TAGTTGCG
iTru7_102_08	AAGAGCCA
iTru7_102_09	ACAGCTCA
iTru7_102_10	GTTAAGGC
iTru7_102_11	AAGCCACA
iTru7_102_12	ACACGGTT
iTru7_103_01	CAGCGATT
iTru7_103_02	TAGTGACC
iTru7_103_03	CGAGACTA
iTru7_103_04	GACATGGT
iTru7_103_05	GCATGTCT
iTru7_103_06	ACTCCATC
iTru7_103_07	TGTGACTG
iTru7_103_08	CGAAGAAC
iTru7_103_09	GGTGTCTT
iTru7_103_10	AAGAAGGC
iTru7_103_11	AGGTTCGA
iTru7_103_12	CATGTTCC
iTru7_104_01	GTGCCATA
iTru7_104_02	CCTTGTAG
iTru7_104_03	GCTGGATT
iTru7_104_04	TAACGAGG
iTru7_104_05	ATGGTTGC
iTru7_104_06	CCTATACC
iTru7_104_07	TTAGGTCG
iTru7_104_08	GCAAGATC
iTru7_104_09	AGAGCCTT
iTru7_104_10	GCAATGGA
iTru7_104_11	CTGGAGTA
iTru7_104_12	GAACATCG
iTru7_105_01	GCACAACT
iTru7_105_02	TTCTCTCG
iTru7_105_03	AACGGTCA
iTru7_105_04	ACAGACCT
iTru7_105_05	TCTCTTCC
iTru7_105_06	AGTGTTGG
iTru7_105_07	TGGCATGT
iTru7_105_08	AGAAGCGT
iTru7_105_09	AGCGGAAT
iTru7_105_10	TAACCGGT
iTru7_105_11	CATGGAAC
iTru7_105_12	ATGGTCCA
iTru7_106_01	CTTCTGAG
iTru7_106_02	AACCGAAG
iTru7_106_03	TTCGTACC
iTru7_106_04	CTGTTAGG
iTru7_106_05	CACAAGTC
iTru7_106_06	TCTTGACG
iTru7_106_07	CGTCTTGT
iTru7_106_08	CGTGATCA
iTru7_106_09	CCAAGTTG
iTru7_106_10	GTACCTTG
iTru7_106_11	GACTATGC
iTru7_106_12	TGGATCAC
iTru7_107_01	CTCTGGTT
iTru7_107_02	GTTCATGG
iTru7_107_03	GCTGTAAG
iTru7_107_04	GTCGAAGA
iTru7_107_05	GAGCTCAA
iTru7_107_06	TGAACCTG
iTru7_107_07	CCGACTAT
iTru7_107_08	AGCTAACC
iTru7_107_09	GCCTTGTT
iTru7_107_10	AACTTGCC
iTru7_107_11	CAATGTGG
iTru7_107_12	AAGGCTGA
iTru7_108_01	TTACCGAG
iTru7_108_02	GTCCTAAG
iTru7_108_03	GAAGGTTC
iTru7_108_04	GAAGAGGT
iTru7_108_05	TCTGAGAG
iTru7_108_06	ACCGCATA
iTru7_108_07	GAAGTACC
iTru7_108_08	CAGGTATC
iTru7_108_09	TCTCTAGG
iTru7_108_10	AAGCACTG
iTru7_108_11	CCAAGCAA
iTru7_108_12	TGTTCGAG
iTru7_109_01	CTCGTCTT
iTru7_109_02	CGAACTGT
iTru7_109_03	CATTCGGT
iTru7_109_04	TCGGTTAC
iTru7_109_05	AAGTCGAG
iTru7_109_06	TATCGGTC
iTru7_109_07	TATTCGCC
iTru7_109_08	GTATTGGC
iTru7_109_09	AGTCGCTT
iTru7_109_10	TGGCACTA
iTru7_109_11	GGTTGTCA
iTru7_109_12	AACCTCCT
iTru7_110_01	ATGACCAG
iTru7_110_02	AACCGTTC
iTru7_110_03	TCCAATCG
iTru7_110_04	CTGCACTT
iTru7_110_05	CGCTTAAC
iTru7_110_06	CACCACTA
iTru7_110_07	ACAGCAAC
iTru7_110_08	GGAAGGAT
iTru7_110_09	GGCGTTAT
iTru7_110_10	CTGTTGAC
iTru7_110_11	GTCATCGA
iTru7_110_12	TGACTTCG
iTru7_111_01	CGATAGAG
iTru7_111_02	TTCGTTGG
iTru7_111_03	TGGAGAGT
iTru7_111_04	TCAGACGA
iTru7_111_05	GACGAATG
iTru7_111_06	CATGAGGA
iTru7_111_07	CGGTTGTT
iTru7_111_08	TCCGTATG
iTru7_111_09	TGTGGTAC
iTru7_111_10	AGAACGAG
iTru7_111_11	CTTCGTTC
iTru7_111_12	CCAATAGG
iTru7_112_01	ACCATCCA
iTru7_112_02	CACACATG
iTru7_112_03	CTTGTCGA
iTru7_112_04	AGTCTCAC
iTru7_112_05	AGTTGGCT
iTru7_112_06	CCGGAATT
iTru7_112_07	CAGTGAAG
iTru7_112_08	CCTACTGA
iTru7_112_09	TGTGAAGC
iTru7_112_10	GTCTGATC
iTru7_112_11	TTCAGGAG
iTru7_112_12	ACGATGAC
iTru7_113_01	CGTTATGC
iTru7_113_02	GATACTGG
iTru7_113_03	CTACTTGG
iTru7_113_04	CATACCAC
iTru7_113_05	ACATTGCG
iTru7_113_06	TGATCGGA
iTru7_113_07	AAGTGTCG
iTru7_113_08	GAACGCTT
iTru7_113_09	TCAAGGAC
iTru7_113_10	TCAACTGG
iTru7_113_11	GGTTGATG
iTru7_113_12	AAGGACAC
iTru7_114_01	TTGATCCG
iTru7_114_02	GGTGATTC
iTru7_114_03	GATTGCTC
iTru7_114_04	ACCTGGAA
iTru7_114_05	CATCTACG
iTru7_114_06	CCGTATCT
iTru7_114_07	CGGAATAC
iTru7_114_08	CTCCTAGA
iTru7_114_09	TGGTAGCT
iTru7_114_10	TCGAAGGT
iTru7_114_11	ACATAGGC
iTru7_114_12	CTCAGAGT