i7-id, i7-index
iTru7_01_01, AGTGACCT
iTru7_01_02, AACAGTCC
iTru7_01_03, GAGTGTGT
iTru7_01_04, CCAAGGTT
iTru7_01_05, ACAGGCAT
iTru7_01_06, GCTGTAAG
iTru7_01_07, CACCAGTT
iTru7_01_08, TTCGGCTA
iTru7_01_09, TCGAGAGT
iTru7_01_10, CTACATCC
iTru7_01_11, CCTGTCAA
iTru7_01_12, ACGAATCC
iTru7_02_01, TCCTGGTA
iTru7_02_02, CGAATTGC
iTru7_02_03, ACAAGCTC
iTru7_02_04, GGATGTAG
iTru7_02_05, CATCCAAG
iTru7_02_06, GTCGTTAC
iTru7_02_07, CCGCTTAA
iTru7_02_08, TACCTGCA
iTru7_02_09, ACGTCGTT
iTru7_02_10, AACTTGCC
iTru7_02_11, CTGATGAG
iTru7_02_12, CACGATTC
iTru7_03_01, AGGAACAC
iTru7_03_02, GCCACTTA
iTru7_03_03, ACACGAGA
iTru7_03_04, CAAGAAGC
iTru7_03_05, AACAGCGA
iTru7_03_06, GACTACGA
iTru7_03_07, ACGAGAAC
iTru7_03_08, GATCAAGG
iTru7_03_09, GAGACCAA
iTru7_03_10, ACATGGAG
iTru7_03_11, ACTCAACG
iTru7_03_12, GCTACAAC
iTru7_04_01, ACGTCCAA
iTru7_04_02, AGCCGTAA
iTru7_04_03, ATGACAGG
iTru7_04_04, GGTCGTAT
iTru7_04_05, CACCATGA
iTru7_04_06, GACACAGT
iTru7_04_07, GAATGGCA
iTru7_04_08, TCATCTCC
iTru7_04_09, ACAGCAAG
iTru7_04_10, AGCTAAGC
iTru7_04_11, CAGCTAGA
iTru7_04_12, GAAGACTG
iTru7_05_01, CACTTCAC
iTru7_05_02, GTCGATTG
iTru7_05_03, CGAATACG
iTru7_05_04, TTACGTGC
iTru7_05_05, CCGATGTA
iTru7_05_06, ACCTAGAC
iTru7_05_07, TACCGGAT
iTru7_05_08, CACATGGT
iTru7_05_09, CACACATC
iTru7_05_10, CAATCAGG
iTru7_05_11, GTGAATGG
iTru7_05_12, AGTATGCC
iTru7_06_01, ACTTGGCT
iTru7_06_02, AAGTCCTC
iTru7_06_03, AACGCCTT
iTru7_06_04, AGCGTGTA
iTru7_06_05, ATGTGGAC
iTru7_06_06, CGAACAAC
iTru7_06_07, TACTAGCG
iTru7_06_08, TAGGAGCT
iTru7_06_09, TTCGCCAT
iTru7_06_10, GGACAGAT
iTru7_06_11, TACGGTCT
iTru7_06_12, TCGGATTC
iTru7_07_01, GAGAAGGT
iTru7_07_02, ACTGGTGT
iTru7_07_03, CTTCCTTC
iTru7_07_04, TCACTCGA
iTru7_07_05, AACAGGTG
iTru7_07_06, ACAGTGAC
iTru7_07_07, TCTTACGG
iTru7_07_08, TGCAAGAC